"H01","H02","H03","H04","H06","H13","H15","H17","H25","Y2008","Y2009","Y2010","Y2011","Y2012","Y2013","Y2014","Y2015","Y2016","Y2017","Y2019","Y2020","Y2021"
"P1101","Agricultural survey","INCTOT11","Agriculture, Hunting and related services","Total income","South Africa","Current prices","R'000","Annually","","","","","164363379","192162153","216669487","250193551","278143676","314025788","356799589","372838956","417084515"
"P1101","Agricultural survey","INCSAL11","Agriculture, Hunting and related services","Total income from sales of goods","South Africa","Current prices","R'000","Annually","95224237","119193813","122550225","131433944","","","191608956","222312002","244431262","276465561","321525236","330898187","372884115"
"P1101","Agricultural survey","INCFC11","Agriculture, Hunting and related services","Sales of field crops","South Africa","Current prices","R'000","Annually","19839530","27855687","26505562","25805384","31355576","41291478","45401744","50435070","53796134","59190640","63650548","65498828","81361326"
"P1101","Agricultural survey","INCHOT11","Agriculture, Hunting and related services","Sales Horticulture crops","South Africa","Current prices","R'000","Annually","24045202","29237110","29552231","31964231","32097987","39046685","45447184","52671359","60841859","70543358","87527444","88414750","106096189"
"P1101","Agricultural survey","INCHOTP11","Agriculture, Hunting and related services","Sales of horticultural products","South Africa","Current prices","R'000","Annually","","","","","","","2258619","3051586","3798366","3441126","3750151","4339627","4302472"
"P1101","Agricultural survey","INCANPT11","Agriculture, Hunting and related services","Sales of animals and animal products","South Africa","Current prices","R'000","Annually","51339505","62101016","64609979","71850289","82794336","86479414","94062339","109538531","118783722","128766904","147606037","151586760","159335534"
"P1101","Agricultural survey","INCANIM11","Agriculture, Hunting and related services","Sales of animals","South Africa","Current prices","R'000","Annually","40046503","48645918","50374927","57629483","","","49745529","61183862","66693878","72597991","82720040","79276216","84853852"
"P1101","Agricultural survey","INCANIP11","Agriculture, Hunting and related services","Sales of animal products","South Africa","Current prices","R'000","Annually","11293002","13455098","14235052","14220806","","","44316810","48354669","52089844","56168913","64885997","72310544","74481682"
"P1101","Agricultural survey","INCOTHAGR11","Agriculture, Hunting and related services","Sales of other agricultural products","South Africa","Current prices","R'000","Annually","","","1882453","1814040","","","4439070","6615456","7211181","6782081","11002252","12194412","12056279"
"P1102","Agricultural survey","INCOTHSA11","Agriculture, Hunting and related services","Other sales of goods","South Africa","Current prices","R'000","Annually","","","","","","","","","","7741452","7988805","8863810","9732315"
"P1101","Agricultural survey","INCSEV11","Agriculture, Hunting and related services","Income from services rendered","South Africa","Current prices","R'000","Annually","","","","","2030986","","6208013","7509010","8971090","11624860","9315451","10745100","12975114"
"P1101","Agricultural survey","INCRENT11","Agriculture, Hunting and related services","income from rental","South Africa","Current prices","R'000","Annually","","","","","1110304","","1649204","2065841","2468531","2703495","3015530","3519314","3421632"
"P1101","Agricultural survey","INCDIVID11","Agriculture, Hunting and related services","Dividends received","South Africa","Current prices","R'000","Annually","","","","","781215","","548462","","","","","",""
"P1101","Agricultural survey","INCINT11","Agriculture, Hunting and related services","Income from Interest received","South Africa","Current prices","R'000","Annually","","","","","1167374","","1562370","2013117","2545530","2749395","3872154","4340458","4069305"
"P1101","Agricultural survey","INCFORE11","Agriculture, Hunting and related services","Income from Profit on financial and other assets, other liabilities and foreign exchange","South Africa","Current prices","R'000","Annually","","","","","","","6653761","7197735","8732948","8830287","6128650","7033636","8439849"
"P1101","Agricultural survey","INCSALA11","Agriculture, Hunting and related services","Salaries and pensions","South Africa","Current prices","R'000","Annually","","","","","602981","","","","","","","",""
"P1101","Agricultural survey","INCREVA11","Agriculture, Hunting and related services","Sale or realisation for cash or revaluation of assets","South Africa","Current prices","R'000","Annually","","","","","3164573","","","","","","","",""
"P1101","Agricultural survey","INCMANF11","Agriculture, Hunting and related services","Processing and small manufacturing enterprises","South Africa","Current prices","R'000","Annually","","","","","1925036","","","","","","","",""
"P1101","Agricultural survey","INCOTHER11","Agriculture, Hunting and related services","Other income","South Africa","Current prices","R'000","Annually","","","","","7333011","25344576","8438721","9095846","10994315","11652190","12942568","16302261","15294500"
"P1101","Agricultural survey","EXPTOT11","Agriculture, Hunting and related services","Total expenditure","South Africa","Current prices","R'000","Annually","88670547","113795609","120607780","136028091","160823597","186145383","206047113","231714212","260225780","289103147","334783856","353361947","389310990"
"P1101","Agricultural survey","EXPPURC11","Agriculture, Hunting and related services","Total purchases","South Africa","Current prices","R'000","Annually","","","","","","","108631226","123154822","137063315","152989545","175479482","184657973","205913456"
"P1101","Agricultural survey","EXPFCROP11","Agriculture, Hunting and related services","Purchases of field crops","South Africa","Current prices","R'000","Annually","","","","","1361569","1802686","3976458","4283296","4903398","5461865","8353759","10681460","12701102"
"P1101","Agricultural survey","EXPHOTP11","Agriculture, Hunting and related services","Purchases of horticultural products","South Africa","Current prices","R'000","Annually","","","","","1327204","","1414327","1949473","3164815","3501372","4901334","4279987","4642464"
"P1101","Agricultural survey","EXPSEDFET11","Agriculture, Hunting and related services","Purchases of fertilisers and seed","South Africa","Current prices","R'000","Annually","8203652","11607280","10856677","11390120","13591170","16406240","17820447","20021949","22091400","24729898","28952901","31984081","38829323"
"P1101","Agricultural survey","EXPFERT11","Agriculture, Hunting and related services","Purchases of fertilisers, both manure and inorganic fertilisers, and lime","South Africa","Current prices","R'000","Annually","5762100","8311975","7717488","7872868","9131496","","9087588","11510286","13233833","14257733","19424768","19769859","23712134"
"P1101","Agricultural survey","EXPSEED11","Agriculture, Hunting and related services","Purchases of seed, seedlings and other plant material","South Africa","Current prices","R'000","Annually","2441552","3295305","3139189","3517252","4459674","","8732859","8511663","8857567","10472165","9528133","12214222","15117189"
"P1101","Agricultural survey","EXPREMCROP11","Agriculture, Hunting and related services","Purchases of remedies for forage, field and horticulture","South Africa","Current prices","R'000","Annually","2551754","3677696","3678325","","","","4737328","7748103","8773789","7830551","8031768","8148261","9790508"
"P1101","Agricultural survey","EXPANIPR11","Agriculture, Hunting and related services","Purchases of animal and animal products","South Africa","Current prices","R'000","Annually","11573599","13706863","14152957","17453272","22104435","24947915","24448871","30084774","32458686","32651891","41191466","39657930","43011449"
"P1101","Agricultural survey","EXPANIMA11","Agriculture, Hunting and related services","Purchases of animals","South Africa","Current prices","R'000","Annually","10375876","11803898","12754618","16240780","","","22385160","27989548","30352261","30574000","38081163","36793204","39889340"
"P1101","Agricultural survey","EXPANIMALP11","Agriculture, Hunting and related services","Purchases of animal products","South Africa","Current prices","R'000","Annually","1197723","1902965","1398339","1212492","","","2063711","2095226","2106425","2077891","3110303","2864726","3122109"
"P1101","Agricultural survey","EXPFEED11","Agriculture, Hunting and related services","Purchases of feed and supplements for livestock, poultry and aquaculture","South Africa","Current prices","R'000","Annually","14471319","19738878","20341046","22084739","24103613","25894276","30678167","33283000","39331454","44068760","42794695","47759545","49099086"
"P1101","Agricultural survey","EXPREMANIM11","Agriculture, Hunting and related services","Purchases of remedies for combating diseases and pests in livestock and poultry","South Africa","Current prices","R'000","Annually","1266573","1114142","1205804","","","","2137060","2745219","2802686","3328648","4248030","3839203","4256494"
"P1101","Agricultural survey","EXPANICRP11","Agriculture, Hunting and related services","Remedies for animals and crops (include veterinary services and plant pathologists)","South Africa","Current prices","R'000","Annually","","","","5152169","5705227","6612686","","","","","","",""
"P1101","Agricultural survey","EXPHEALTHP11","Agriculture, Hunting and related services","Plant / animal health services","South Africa","Current prices","R'000","Annually","414976","455836","474395","","","","","","","","","",""
"P1101","Agricultural survey","EXPCONT11","Agriculture, Hunting and related services","Purchases of containers, pallets and packing materials","South Africa","Current prices","R'000","Annually","3200691","3898926","4193332","4591110","5074957","5654536","6952778","7347003","8201494","9736759","11432685","12280284","14912967"
"P1101","Agricultural survey","EXPCLOTH11","Agriculture, Hunting and related services","Protective clothing","South Africa","Current prices","R'000","Annually","112520","128840","136973","","","","","","","","","",""
"P1101","Agricultural survey","EXPFUEL11","Agriculture, Hunting and related services","Purchases of fuel, lubricants and grease","South Africa","Current prices","R'000","Annually","4959907","6513452","5666176","6400608","7577199","8718163","9308392","9665521","9124073","10666298","12647312","11857392","12494784"
"P1101","Agricultural survey","EXPOTPU11","Agriculture, Hunting and related services","Other purchases","South Africa","Current prices","R'000","Annually","","","","","","","7157398","6026484","6211520","11013503","12925532","14169830","16175279"
"P1101","Agricultural survey","EXPACC11","Agriculture, Hunting and related services","Accounting fees","South Africa","Current prices","R'000","Annually","337998","379441","428155","470202","490765","","","","","","","",""
"P1101","Agricultural survey","EXPPRO11","Agriculture, Hunting and related services","Property rates paid to municipalities","South Africa","Current prices","R'000","Annually","84852","84682","92817","","","","","","","","","",""
"P1101","Agricultural survey","EXPLICE11","Agriculture, Hunting and related services","Licence fees","South Africa","Current prices","R'000","Annually","196779","228556","220120","","","","","","","","","",""
"P1101","Agricultural survey","EXPMEB11","Agriculture, Hunting and related services","Membership fees","South Africa","Current prices","R'000","Annually","97903","124560","123435","","","","","","","","","",""
"P1101","Agricultural survey","EXPEXC11","Agriculture, Hunting and related services","Excise and custom duties","South Africa","Current prices","R'000","Annually","152383","","","","","","","","","","","",""
"P1101","Agricultural survey","EXPRESC11","Agriculture, Hunting and related services","Research costs","South Africa","Current prices","R'000","Annually","","33499","59101","","","","","","","","","",""
"P1101","Agricultural survey","EXPIMPO11","Agriculture, Hunting and related services","Import and export costs","South Africa","Current prices","R'000","Annually","","","","823739","854347","","1123576","1124048","1190578","","","",""
"P1101","Agricultural survey","EXPSALAR11","Agriculture, Hunting and related services","Salaries and wages","South Africa","Current prices","R'000","Annually","11270000","13498258","15220184","17952742","19013984","21376264","23906057","28510680","32224734","36036955","43913067","45688457","50304376"
"P1101","Agricultural survey","EXPREPIAR11","Agriculture, Hunting and related services","Repairs and maintenance","South Africa","Current prices","R'000","Annually","5475266","6563286","7440570","8283007","9594545","9300771","10761975","12993804","13396042","15487521","17660855","16131998","18294677"
"P1101","Agricultural survey","EXPDEPR11","Agriculture, Hunting and related services","Depreciation","South Africa","Current prices","R'000","Annually","5019839","6354631","6833419","7466401","7789622","8878042","9845035","11054248","13228065","14768640","15631570","15957669","17259302"
"P1101","Agricultural survey","EXPINTER11","Agriculture, Hunting and related services","Interest","South Africa","Current prices","R'000","Annually","3798975","4856795","4803196","4305764","5023724","5141774","5716982","7116303","8896772","9807139","10702270","11969526","10522606"
"P1101","Agricultural survey","EXPTRANS11","Agriculture, Hunting and related services","Railage and transport out","South Africa","Current prices","R'000","Annually","2234254","2730952","2555463","3811815","4303764","4565994","4840378","5192289","5541898","6536771","8147812","7689460","8512981"
"P1101","Agricultural survey","EXPELECW11","Agriculture, Hunting and related services","Water and electricity","South Africa","Current prices","R'000","Annually","2078622","2591468","3365204","4763575","5270980","5994170","5466704","6216552","7639087","8011663","9124435","9990561","11003273"
"P1101","Agricultural survey","EXPRENT11","Agriculture, Hunting and related services","Rental of land, buildings and other structures under operating lease","South Africa","Current prices","R'000","Annually","1851074","2400653","2743046","3043665","3010121","3219008","3554496","4418499","5052756","5932207","8299664","7966926","9219414"
"P1101","Agricultural survey","EXPCONTR11","Agriculture, Hunting and related services","Services rendered by contractors,co-farmers, etc.","South Africa","Current prices","R'000","Annually","1329062","2108459","2895060","3867601","6742896","","3206545","2950308","3173091","","","",""
"P1101","Agricultural survey","EXPINSU11","Agriculture, Hunting and related services","Insurance","South Africa","Current prices","R'000","Annually","1628799","2021378","2109958","2290258","2329921","","3164618","3513998","3925152","4134050","4700212","5019186","5701222"
"P1101","Agricultural survey","EXPADV11","Agriculture, Hunting and related services","Advertising and marketing expenses","South Africa","Current prices","R'000","Annually","979324","1259192","1272116","1314250","1417460","","2394664","2386281","2610066","","","",""
"P1101","Agricultural survey","EXPSHFARM11","Agriculture, Hunting and related services","Share farming expenses","South Africa","Current prices","R'000","Annually","","","","","1614261","2011104","2104007","2502281","2756961","3007314","3219946","3873890","3813037"
"P1101","Agricultural survey","EXPLEASI11","Agriculture, Hunting and related services","Leasing and hiring of plant, machinery, equipment and vehicles","South Africa","Current prices","R'000","Annually","449788","581996","564201","703679","745921","1144326","1414763","1491258","1597784","","","",""
"P1101","Agricultural survey","EXPBANK11","Agriculture, Hunting and related services","Bank charges","South Africa","Current prices","R'000","Annually","","","","436768","455859","","597051","614531","702300","","","",""
"P1101","Agricultural survey","EXPLABOUR11","Agriculture, Hunting and related services","Payment to labour brokers","South Africa","Current prices","R'000","Annually","","","","","","","715555","1007295","993054","","","",""
"P1101","Agricultural survey","EXPSECURITY11","Agriculture, Hunting and related services","Security services and maintenance cost of security system","South Africa","Current prices","R'000","Annually","203547","246568","283136","","","","560844","646019","710845","","","",""
"P1101","Agricultural survey","EXPTEL11","Agriculture, Hunting and related services","Telecommunication services","South Africa","Current prices","R'000","Annually","","","","644725","653709","","706501","812052","858604","","","",""
"P1101","Agricultural survey","EXPSTORE11","Agriculture, Hunting and related services","Storage costs","South Africa","Current prices","R'000","Annually","","","","555027","365697","","","","","","","",""
"P1101","Agricultural survey","EXPFOREX11","Agriculture, Hunting and related services","Losses on financial and other assets, other liabilities and foreign exchange","South Africa","Current prices","R'000","Annually","","","","","","","2731384","","","","","",""
"P1101","Agricultural survey","EXPOTHER11","Agriculture, Hunting and related services","Other expenditure","South Africa","Current prices","R'000","Annually","4727091","6889322","7568779","6600232","10300647","34477428","14604752","16008944","18664676","32391342","37904543","44416301","48766646"
"P1101","Agricultural survey","FCAPTOT11","Agriculture, Hunting and related services","Total capital expenditure","South Africa","Current prices","R'000","Annually","7839348","10958419","11559142","11315832","15027751","18421470","19797717","21861678","23879466","28639574","23473483","27020853","32093742"
"P1101","Agricultural survey","FCAPLAND11","Agriculture, Hunting and related services","Land and buildings","South Africa","Current prices","R'000","Annually","2818476","2858773","3483194","3333465","4853935","5395148","4933851","5977921","6320869","7436244","5794406","8792310","7299223"
"P1101","Agricultural survey","FCAPMOTOR11","Agriculture, Hunting and related services","Motor vehicles, plant, tractors, machinery and other transport","South Africa","Current prices","R'000","Annually","4478161","7048906","6627701","7083092","8979513","11850829","13453307","14199570","15250568","18472593","13730575","14122339","19741181"
"P1101","Agricultural survey","FCAPOTH11","Agriculture, Hunting and related services","Other capital expenditure","South Africa","Current prices","R'000","Annually","542711","1050740","1448247","899275","1194303","1175493","1410559","1684187","2308029","2730737","3948502","4106204","5053338"
"P1101","Agricultural survey","FBVTOT11","Agriculture, Hunting and related services","Total land and book value of assets","South Africa","Current prices","R'000","Annually","108243398","118301406","119265018","115864760","116301624","123279336","127501157","147410488","168321172","180027342","215540504","221195676","240815084"
"P1101","Agricultural survey","FBVLAND11","Agriculture, Hunting and related services","Land and buildings","South Africa","Current prices","R'000","Annually","75304727","80083237","81269559","80306717","80632026","81777165","82684257","91747764","104453019","109644552","129895833","139925494","142888035"
"P1101","Agricultural survey","FBVMOTOR11","Agriculture, Hunting and related services","Motor vehicles, plant, tractors, machinery and other transport","South Africa","Current prices","R'000","Annually","21086336","25276435","23503518","27114459","28963114","35783552","39018830","46833441","52884693","56604799","60695780","58614362","72671190"
"P1101","Agricultural survey","FBVOTH11","Agriculture, Hunting and related services","Other assets","South Africa","Current prices","R'000","Annually","11852335","12941734","14491941","8443584","6706484","5718619","5798070","8829283","10983460","13777991","24948891","22655820","25255859"
"P1101","Agricultural survey","BVTOTFAIR11","Agriculture, Hunting and related services","Total fair value of biological assets","South Africa","Current prices","R'000","Annually","","","","","","","18230727","23096582","28041700","30541456","33510871","40053478","44111683"
"P1101","Agricultural survey","BVANIMAL11","Agriculture, Hunting and related services","Fair value of animals","South Africa","Current prices","R'000","Annually","","","","","","","9626328","13834824","16248726","20024547","22351013","24367231","25067226"
"P1101","Agricultural survey","BVPLANTA11","Agriculture, Hunting and related services","Fair value of plantations (forestry, vineyards and orchards)","South Africa","Current prices","R'000","Annually","","","","","","","8604399","9261758","11792974","10516909","11159858","15686247","19044457"
"P1101","Agricultural survey","CAPTOTFAIR11","Agriculture, Hunting and related services","Total additions to biological assets","South Africa","Current prices","R'000","Annually","","","","","","","9878565","21766761","24622097","26044376","35342257","31158421","31606111"
"P1101","Agricultural survey","CAPANIMAL11","Agriculture, Hunting and related services","Additions to biological animals","South Africa","Current prices","R'000","Annually","","","","","","","9161312","20450353","23137127","24289509","32778630","27705517","27625278"
"P1101","Agricultural survey","CAPPLANTA11","Agriculture, Hunting and related services","Additions to plantations (forestry, vineyards and orchards)","South Africa","Current prices","R'000","Annually","","","","","","","717253","1316408","1484970","1754867","2563627","3452904","3980833"
"P1101","Agricultural survey","FMORT11","Agriculture, Hunting and related services","Mortgages","South Africa","Current prices","R'000","Annually","11904995","11551681","14263020","13758060","","","","","","","","",""
"P1101","Agricultural survey","FOTHMORE111","Agriculture, Hunting and related services","Other loans and debts (More than a year)","South Africa","Current prices","R'000","Annually","26570322","16687333","18649987","25535197","","","","","","","","",""
"P1101","Agricultural survey","FOTHLESS111","Agriculture, Hunting and related services","Other loans and debts (One year and less)","South Africa","Current prices","R'000","Annually","12433525","36185739","32558416","41219793","","","","","","","","",""
"P1101","Agricultural survey","FCOOP11","Agriculture, Hunting and related services","Loans and debts from: Cooperatives","South Africa","Current prices","R'000","Annually","5584752","9065973","9281305","","","","","","","","","",""
"P1101","Agricultural survey","FCOMMEC11","Agriculture, Hunting and related services","Loans and debts from: Commercial banks","South Africa","Current prices","R'000","Annually","19845893","25395060","28481318","","","","","","","","","",""
"P1101","Agricultural survey","FGOVBANK11","Agriculture, Hunting and related services","Loans and debts from: Government departments","South Africa","Current prices","R'000","Annually","400031","433136","221536","","","","","","","","","",""
"P1101","Agricultural survey","FLANDBA11","Agriculture, Hunting and related services","Loans and debts from: Land Bank","South Africa","Current prices","R'000","Annually","1929759","2077435","1842773","","","","","","","","","",""
"P1101","Agricultural survey","FPRIVP11","Agriculture, Hunting and related services","Loans and debts from: Private persons","South Africa","Current prices","R'000","Annually","16649747","20710983","20502010","","","","","","","","","",""
"P1101","Agricultural survey","FOTHFIN11","Agriculture, Hunting and related services","Loans and debts from: Other financial institutions","South Africa","Current prices","R'000","Annually","6498660","6742168","3749405","","","","","","","","","",""
"P1101","Agricultural survey","FTOTFARMDE11","Agriculture, Hunting and related services","Total farming debt","South Africa","Current prices","R'000","Annually","50908842","64424755","64078347","","","","","","","","","",""
"P1101","Agricultural survey","FFEMEMP11","Agriculture, Hunting and related services","Female","South Africa","Number of employees","Number","Annually","","","","","","","","","297562","295434","309505","308035","324904"
"P1101","Agricultural survey","FMALEEMP11","Agriculture, Hunting and related services","Male","South Africa","Number of employees","Number","Annually","","","","","","","","","442316","468994","455764","472022","476599"
"P1101","Agricultural survey","FTOTEMP11","Agriculture, Hunting and related services","Total","South Africa","Number of employees","Number","Annually","","","","","","","","","739878","764428","765269","780057","801503"
"P1101","Agricultural survey","IMAIZE11","Agriculture, Hunting and related services","Maize","South Africa","Current prices","R'000","Annually","","","","","","","","","","29672891","33540840","36035884","42728406"
"P1101","Agricultural survey","IWHEAT11","Agriculture, Hunting and related services","Wheat","South Africa","Current prices","R'000","Annually","","","","","","","","","","5745677","5798182","6043263","8488269"
"P1101","Agricultural survey","ISUGARCN11","Agriculture, Hunting and related services","Sugarcane","South Africa","Current prices","R'000","Annually","","","","","","","","","","7139011","4964623","7168780","9032822"
"P1101","Agricultural survey","IOTHFC11","Agriculture, Hunting and related services","Other field crops","South Africa","Current prices","R'000","Annually","","","","","","","","","","16633061","19346903","16250901","21111829"
"P1101","Agricultural survey","IVEGES11","Agriculture, Hunting and related services","Vegetables","South Africa","Current prices","R'000","Annually","","","","","","","","","","19795103","22867304","21938392","23713425"
"P1101","Agricultural survey","IFRUIT11","Agriculture, Hunting and related services","Fruits excluding grapes","South Africa","Current prices","R'000","Annually","","","","","","","","","","34479997","42165662","41295053","50353610"
"P1101","Agricultural survey","IGRAPES11","Agriculture, Hunting and related services","Grapes","South Africa","Current prices","R'000","Annually","","","","","","","","","","8098431","12595417","12026509","16414102"
"P1101","Agricultural survey","ISEEDS11","Agriculture, Hunting and related services","Seeds","South Africa","Current prices","R'000","Annually","","","","","","","","","","3364394","5365577","6198124","7129995"
"P1101","Agricultural survey","IOTHHT11","Agriculture, Hunting and related services","Other horticultural crops","South Africa","Current prices","R'000","Annually","","","","","","","","","","4805433","4533484","6956672","8485057"
"P1101","Agricultural survey","ICATTL11","Agriculture, Hunting and related services","Cattle","South Africa","Current prices","R'000","Annually","","","","","","","","","","41498693","51503345","47188497","50212120"
"P1101","Agricultural survey","ISHEEP11","Agriculture, Hunting and related services","Sheep","South Africa","Current prices","R'000","Annually","","","","","","","","","","6209583","7886633","7891568","9869006"
"P1101","Agricultural survey","INPIGS11","Agriculture, Hunting and related services","Pigs","South Africa","Current prices","R'000","Annually","","","","","","","","","","5411628","4100908","4134514","4651116"
"P1101","Agricultural survey","ICHICK11","Agriculture, Hunting and related services","Chicken: live","South Africa","Current prices","R'000","Annually","","","","","","","","","","14980694","14860515","15759812","17320628"
"P1101","Agricultural survey","INGAME11","Agriculture, Hunting and related services","Game","South Africa","Current prices","R'000","Annually","","","","","","","","","","2943135","2613656","",""
"P1101","Agricultural survey","IOTANI11","Agriculture, Hunting and related services","Other animals","South Africa","Current prices","R'000","Annually","","","","","","","","","","1554258","1754983","4301825","2800982"
"P1101","Agricultural survey","INEGGS11","Agriculture, Hunting and related services","Eggs","South Africa","Current prices","R'000","Annually","","","","","","","","","","7759160","11475886","12749919","14856157"
"P1101","Agricultural survey","INMILK11","Agriculture, Hunting and related services","Fresh milk and cream","South Africa","Current prices","R'000","Annually","","","","","","","","","","14508786","12890356","14133457","15069985"
"P1101","Agricultural survey","INBEEF11","Agriculture, Hunting and related services","Beef","South Africa","Current prices","R'000","Annually","","","","","","","","","","4613564","4603457","5022749","4537374"
"P1101","Agricultural survey","ICHCMT11","Agriculture, Hunting and related services","Chicken meat","South Africa","Current prices","R'000","Annually","","","","","","","","","","25277071","30924155","31759091","33063407"
"P1101","Agricultural survey","INWOOL11","Agriculture, Hunting and related services","Wool","South Africa","Current prices","R'000","Annually","","","","","","","","","","1907727","2419522","2487932","2448713"
"P1101","Agricultural survey","IDAIRY11","Agriculture, Hunting and related services","Dairy products","South Africa","Current prices","R'000","Annually","","","","","","","","","","","","1090453","1177507"
"P1101","Agricultural survey","IOTANP11","Agriculture, Hunting and related services","Other animal product","South Africa","Current prices","R'000","Annually","","","","","","","","","","2102605","2572620","5066943","3328539"
"P1101","Agricultural survey","ISPARK11","Agriculture, Hunting and related services","Sparkling wine","South Africa","Current prices","R'000","Annually","","","","","","","","","","307475","370458","406141","442570"
"P1101","Agricultural survey","IREDWN11","Agriculture, Hunting and related services","Red wine","South Africa","Current prices","R'000","Annually","","","","","","","","","","1095702","1320512","1559705","1398663"
"P1101","Agricultural survey","IWHTWN11","Agriculture, Hunting and related services","White wine","South Africa","Current prices","R'000","Annually","","","","","","","","","","840331","476913","549595","575735"
"P1101","Agricultural survey","IROSE11","Agriculture, Hunting and related services","Rosé","South Africa","Current prices","R'000","Annually","","","","","","","","","","","","111595","124778"
"P1101","Agricultural survey","IOTHEALC11","Agriculture, Hunting and related services","Other alcoholic beverages","South Africa","Current prices","R'000","Annually","","","","","","","","","","63151","277025","",""
"P1101","Agricultural survey","IFRUITJU11","Agriculture, Hunting and related services","Fruit juice","South Africa","Current prices","R'000","Annually","","","","","","","","","","","183458","524908","461683"
"P1101","Agricultural survey","IFRUITDR11","Agriculture, Hunting and related services","Dried fruit","South Africa","Current prices","R'000","Annually","","","","","","","","","","548975","674216","852876","973906"
"P1101","Agricultural survey","OTHEHOTP11","Agriculture, Hunting and related services","Other horticultural products","South Africa","Current prices","R'000","Annually","","","","","","","","","","585492","447569","334807","325137"
"P1101","Agricultural survey","IFORES11","Agriculture, Hunting and related services","Forestry","South Africa","Current prices","R'000","Annually","","","","","","","","","","671826","1378765","929607","606869"
"P1101","Agricultural survey","IFORAG11","Agriculture, Hunting and related services","Animal feed","South Africa","Current prices","R'000","Annually","","","","","","","","","","4326455","7425435","9259311","8861510"
"P1101","Agricultural survey","IORFER11","Agriculture, Hunting and related services","Organic fertilisers","South Africa","Current prices","R'000","Annually","","","","","","","","","","577709","747426","582736","595443"
"P1101","Agricultural survey","IOTAGR11","Agriculture, Hunting and related services","Other agricultural products","South Africa","Current prices","R'000","Annually","","","","","","","","","","1206091","1450626","1422758","1992457"
"P1101","Agricultural survey","FRFIVE11","Agriculture, Hunting and related services","Relative contribution of 5 largest enterprises","South Africa","Percentage","%","Annually","","","","","","","","8.3","8.1","7.1","8.1","7.8","6.9"
"P1101","Agricultural survey","FRTEN11","Agriculture, Hunting and related services","Relative contribution of 10 largest enterprises","South Africa","Percentage","%","Annually","","","","","","","","12.4","12.3","10.8","12.3","12","10.7"
"P1101","Agricultural survey","FRTWENTY11","Agriculture, Hunting and related services","Relative contribution of 20 largest enterprises","South Africa","Percentage","%","Annually","","","","","","","","16.7","16.8","15","16","16.3","14.5"
"P1101","Agricultural survey","FRFIFTY11","Agriculture, Hunting and related services","Relative contribution of 50 largest enterprises","South Africa","Percentage","%","Annually","","","","","","","","21.9","21.9","20.4","21.4","21.3","18.9"
"P1101","Agricultural survey","FRHUNDRED11","Agriculture, Hunting and related services","Relative contribution of 100 largest enterprises","South Africa","Percentage","%","Annually","","","","","","","","26.8","26.9","25.4","26.2","26.4","23.4"
"P1101","Agricultural survey","WCSALESERV11","Agriculture, Hunting and related services","Income from sales and services Western Cape","South Africa","Current prices","R'000","Annually","","","","","","","","","","","","65095293","74931914"
"P1101","Agricultural survey","ECSALESERV11","Agriculture, Hunting and related services","Income from sales and services Eastern Cape","South Africa","Current prices","R'000","Annually","","","","","","","","","","","","29521562","31964542"
"P1101","Agricultural survey","NCSALESERV11","Agriculture, Hunting and related services","Income from sales and services Northern Cape","South Africa","Current prices","R'000","Annually","","","","","","","","","","","","16820242","17879199"
"P1101","Agricultural survey","FSSALESERV11","Agriculture, Hunting and related services","Income from sales and services Free State","South Africa","Current prices","R'000","Annually","","","","","","","","","","","","42738748","51089492"
"P1101","Agricultural survey","KZNSALESERV11","Agriculture, Hunting and related services","Income from sales and services Kwazulu-Natal","South Africa","Current prices","R'000","Annually","","","","","","","","","","","","37184941","40404395"
"P1101","Agricultural survey","NWSALESERV11","Agriculture, Hunting and related services","Income from sales and services North West","South Africa","Current prices","R'000","Annually","","","","","","","","","","","","40387774","45660760"
"P1101","Agricultural survey","GPSALESERV11","Agriculture, Hunting and related services","Income from sales and services Gauteng","South Africa","Current prices","R'000","Annually","","","","","","","","","","","","43820565","46393832"
"P1101","Agricultural survey","MPSALESERV11","Agriculture, Hunting and related services","Income from sales and services Mpumalanga","South Africa","Current prices","R'000","Annually","","","","","","","","","","","","36805241","43938541"
"P1101","Agricultural survey","LPSALESERV11","Agriculture, Hunting and related services","Income from sales and services Limpopo","South Africa","Current prices","R'000","Annually","","","","","","","","","","","","29268921","33596554"
"P1101","Agricultural survey","TOTALSALESERV11","Agriculture, Hunting and related services","Income from sales and services Total","South Africa","Current prices","R'000","Annually","","","","","","","","","","","","341643287","385859229"
"P1101","Agricultural survey","WCSALARIES11","Agriculture, Hunting and related services","Salaries and wages Western Cape","South Africa","Current prices","R'000","Annually","","","","","","","","","","","","11761437","12858664"
"P1101","Agricultural survey","ECSALARIES11","Agriculture, Hunting and related services","Salaries and wages Eastern Cape","South Africa","Current prices","R'000","Annually","","","","","","","","","","","","3895254","4403846"
"P1101","Agricultural survey","NCSALARIES11","Agriculture, Hunting and related services","Salaries and wages Northern Cape","South Africa","Current prices","R'000","Annually","","","","","","","","","","","","2577223","2880615"
"P1101","Agricultural survey","FSSALARIES11","Agriculture, Hunting and related services","Salaries and wages Free State","South Africa","Current prices","R'000","Annually","","","","","","","","","","","","3201079","4065751"
"P1101","Agricultural survey","KZNSALARIES11","Agriculture, Hunting and related services","Salaries and wages Kwazulu-Natal","South Africa","Current prices","R'000","Annually","","","","","","","","","","","","5525008","6104887"
"P1101","Agricultural survey","NWSALARIES11","Agriculture, Hunting and related services","Salaries and wages North West","South Africa","Current prices","R'000","Annually","","","","","","","","","","","","4402826","4221290"
"P1101","Agricultural survey","GPSALARIES11","Agriculture, Hunting and related services","Salaries and wages Gauteng","South Africa","Current prices","R'000","Annually","","","","","","","","","","","","4381468","5046480"
"P1101","Agricultural survey","MPSALARIES11","Agriculture, Hunting and related services","Salaries and wages Mpumalanga","South Africa","Current prices","R'000","Annually","","","","","","","","","","","","4515453","5027396"
"P1101","Agricultural survey","LPSALARIES11","Agriculture, Hunting and related services","Salaries and wages Limpopo","South Africa","Current prices","R'000","Annually","","","","","","","","","","","","5428709","5695447"
"P1101","Agricultural survey","TOTALSALARIES11","Agriculture, Hunting and related services","Salaries and wages Total","South Africa","Current prices","R'000","Annually","","","","","","","","","","","","45688457","50304376"
"P1101","Agricultural survey","WCEMPL11","Agriculture, Hunting and related services","Employment Western Cape","South Africa","Number of employees","Number","Annually","","","","","","","","","","","","186553","186659"
"P1101","Agricultural survey","ECEMPL11","Agriculture, Hunting and related services","Employment Eastern Cape","South Africa","Number of employees","Number","Annually","","","","","","","","","","","","70554","74163"
"P1101","Agricultural survey","NCEMPL11","Agriculture, Hunting and related services","Employment Northern Cape","South Africa","Number of employees","Number","Annually","","","","","","","","","","","","61910","66314"
"P1101","Agricultural survey","FSEMPL11","Agriculture, Hunting and related services","Employment Free State","South Africa","Number of employees","Number","Annually","","","","","","","","","","","","67996","73972"
"P1101","Agricultural survey","KZNEMPL11","Agriculture, Hunting and related services","Employment Kwazulu-Natal","South Africa","Number of employees","Number","Annually","","","","","","","","","","","","97263","105076"
"P1101","Agricultural survey","NWEMPL11","Agriculture, Hunting and related services","Employment North West","South Africa","Number of employees","Number","Annually","","","","","","","","","","","","66628","63115"
"P1101","Agricultural survey","GPEMPL11","Agriculture, Hunting and related services","Employment Gauteng","South Africa","Number of employees","Number","Annually","","","","","","","","","","","","50955","53703"
"P1101","Agricultural survey","MPEMPL11","Agriculture, Hunting and related services","Employment Mpumalanga","South Africa","Number of employees","Number","Annually","","","","","","","","","","","","72046","80596"
"P1101","Agricultural survey","LPEMPL11","Agriculture, Hunting and related services","Employment Limpopo","South Africa","Number of employees","Number","Annually","","","","","","","","","","","","106152","97905"
"P1101","Agricultural survey","TOTALEMPL11","Agriculture, Hunting and related services","Employment Total","South Africa","Number of employees","Number","Annually","","","","","","","","","","","","780057","801503"
